{
    "gates": {
        "g84": {
            "type": "OR",
            "inp": [
                "in_output_18",
                "in_output_38"
            ],
            "table": [
                0,
                1,
                1,
                1
            ],
            "out": [
                "c08"
            ]
        },
        "g244": {
            "type": "OR",
            "inp": [
                "in_output_124",
                "in_output_324"
            ],
            "table": [
                0,
                1,
                1,
                1
            ],
            "out": [
                "c24"
            ]
        },
        "g80": {
            "type": "XOR",
            "inp": [
                "A_08",
                "B_08"
            ],
            "table": [
                0,
                1,
                1,
                0
            ],
            "out": [
                "in_output_08"
            ]
        },
        "g81": {
            "type": "AND",
            "inp": [
                "A_08",
                "B_08"
            ],
            "table": [
                0,
                0,
                0,
                1
            ],
            "out": [
                "in_output_18"
            ]
        },
        "g82": {
            "type": "XOR",
            "inp": [
                "c07",
                "in_output_08"
            ],
            "table": [
                0,
                1,
                1,
                0
            ],
            "out": [
                "s08"
            ]
        },
        "g83": {
            "type": "AND",
            "inp": [
                "c07",
                "in_output_08"
            ],
            "table": [
                0,
                0,
                0,
                1
            ],
            "out": [
                "in_output_38"
            ]
        },
        "g154": {
            "type": "OR",
            "inp": [
                "in_output_115",
                "in_output_315"
            ],
            "table": [
                0,
                1,
                1,
                1
            ],
            "out": [
                "c15"
            ]
        },
        "g153": {
            "type": "AND",
            "inp": [
                "c14",
                "in_output_015"
            ],
            "table": [
                0,
                0,
                0,
                1
            ],
            "out": [
                "in_output_315"
            ]
        },
        "g152": {
            "type": "XOR",
            "inp": [
                "c14",
                "in_output_015"
            ],
            "table": [
                0,
                1,
                1,
                0
            ],
            "out": [
                "s15"
            ]
        },
        "g151": {
            "type": "AND",
            "inp": [
                "A_15",
                "B_15"
            ],
            "table": [
                0,
                0,
                0,
                1
            ],
            "out": [
                "in_output_115"
            ]
        },
        "g150": {
            "type": "XOR",
            "inp": [
                "A_15",
                "B_15"
            ],
            "table": [
                0,
                1,
                1,
                0
            ],
            "out": [
                "in_output_015"
            ]
        },
        "g00": {
            "type": "XOR",
            "inp": [
                "A_00",
                "B_00"
            ],
            "table": [
                0,
                1,
                1,
                0
            ],
            "out": [
                "s00"
            ]
        },
        "g01": {
            "type": "AND",
            "inp": [
                "A_00",
                "B_00"
            ],
            "table": [
                0,
                0,
                0,
                1
            ],
            "out": [
                "c00"
            ]
        },
        "g282": {
            "type": "XOR",
            "inp": [
                "c27",
                "in_output_028"
            ],
            "table": [
                0,
                1,
                1,
                0
            ],
            "out": [
                "s28"
            ]
        },
        "g272": {
            "type": "XOR",
            "inp": [
                "c26",
                "in_output_027"
            ],
            "table": [
                0,
                1,
                1,
                0
            ],
            "out": [
                "s27"
            ]
        },
        "g273": {
            "type": "AND",
            "inp": [
                "c26",
                "in_output_027"
            ],
            "table": [
                0,
                0,
                0,
                1
            ],
            "out": [
                "in_output_327"
            ]
        },
        "g270": {
            "type": "XOR",
            "inp": [
                "A_27",
                "B_27"
            ],
            "table": [
                0,
                1,
                1,
                0
            ],
            "out": [
                "in_output_027"
            ]
        },
        "g271": {
            "type": "AND",
            "inp": [
                "A_27",
                "B_27"
            ],
            "table": [
                0,
                0,
                0,
                1
            ],
            "out": [
                "in_output_127"
            ]
        },
        "g274": {
            "type": "OR",
            "inp": [
                "in_output_127",
                "in_output_327"
            ],
            "table": [
                0,
                1,
                1,
                1
            ],
            "out": [
                "c27"
            ]
        },
        "g162": {
            "type": "XOR",
            "inp": [
                "c15",
                "in_output_016"
            ],
            "table": [
                0,
                1,
                1,
                0
            ],
            "out": [
                "s16"
            ]
        },
        "g163": {
            "type": "AND",
            "inp": [
                "c15",
                "in_output_016"
            ],
            "table": [
                0,
                0,
                0,
                1
            ],
            "out": [
                "in_output_316"
            ]
        },
        "g160": {
            "type": "XOR",
            "inp": [
                "A_16",
                "B_16"
            ],
            "table": [
                0,
                1,
                1,
                0
            ],
            "out": [
                "in_output_016"
            ]
        },
        "g161": {
            "type": "AND",
            "inp": [
                "A_16",
                "B_16"
            ],
            "table": [
                0,
                0,
                0,
                1
            ],
            "out": [
                "in_output_116"
            ]
        },
        "g164": {
            "type": "OR",
            "inp": [
                "in_output_116",
                "in_output_316"
            ],
            "table": [
                0,
                1,
                1,
                1
            ],
            "out": [
                "c16"
            ]
        },
        "g31": {
            "type": "AND",
            "inp": [
                "A_03",
                "B_03"
            ],
            "table": [
                0,
                0,
                0,
                1
            ],
            "out": [
                "in_output_13"
            ]
        },
        "g30": {
            "type": "XOR",
            "inp": [
                "A_03",
                "B_03"
            ],
            "table": [
                0,
                1,
                1,
                0
            ],
            "out": [
                "in_output_03"
            ]
        },
        "g33": {
            "type": "AND",
            "inp": [
                "c02",
                "in_output_03"
            ],
            "table": [
                0,
                0,
                0,
                1
            ],
            "out": [
                "in_output_33"
            ]
        },
        "g32": {
            "type": "XOR",
            "inp": [
                "c02",
                "in_output_03"
            ],
            "table": [
                0,
                1,
                1,
                0
            ],
            "out": [
                "s03"
            ]
        },
        "g34": {
            "type": "OR",
            "inp": [
                "in_output_13",
                "in_output_33"
            ],
            "table": [
                0,
                1,
                1,
                1
            ],
            "out": [
                "c03"
            ]
        },
        "g243": {
            "type": "AND",
            "inp": [
                "c23",
                "in_output_024"
            ],
            "table": [
                0,
                0,
                0,
                1
            ],
            "out": [
                "in_output_324"
            ]
        },
        "g242": {
            "type": "XOR",
            "inp": [
                "c23",
                "in_output_024"
            ],
            "table": [
                0,
                1,
                1,
                0
            ],
            "out": [
                "s24"
            ]
        },
        "g174": {
            "type": "OR",
            "inp": [
                "in_output_117",
                "in_output_317"
            ],
            "table": [
                0,
                1,
                1,
                1
            ],
            "out": [
                "c17"
            ]
        },
        "g171": {
            "type": "AND",
            "inp": [
                "A_17",
                "B_17"
            ],
            "table": [
                0,
                0,
                0,
                1
            ],
            "out": [
                "in_output_117"
            ]
        },
        "g170": {
            "type": "XOR",
            "inp": [
                "A_17",
                "B_17"
            ],
            "table": [
                0,
                1,
                1,
                0
            ],
            "out": [
                "in_output_017"
            ]
        },
        "g173": {
            "type": "AND",
            "inp": [
                "c16",
                "in_output_017"
            ],
            "table": [
                0,
                0,
                0,
                1
            ],
            "out": [
                "in_output_317"
            ]
        },
        "g172": {
            "type": "XOR",
            "inp": [
                "c16",
                "in_output_017"
            ],
            "table": [
                0,
                1,
                1,
                0
            ],
            "out": [
                "s17"
            ]
        },
        "g240": {
            "type": "XOR",
            "inp": [
                "A_24",
                "B_24"
            ],
            "table": [
                0,
                1,
                1,
                0
            ],
            "out": [
                "in_output_024"
            ]
        },
        "g264": {
            "type": "OR",
            "inp": [
                "in_output_126",
                "in_output_326"
            ],
            "table": [
                0,
                1,
                1,
                1
            ],
            "out": [
                "c26"
            ]
        },
        "g261": {
            "type": "AND",
            "inp": [
                "A_26",
                "B_26"
            ],
            "table": [
                0,
                0,
                0,
                1
            ],
            "out": [
                "in_output_126"
            ]
        },
        "g260": {
            "type": "XOR",
            "inp": [
                "A_26",
                "B_26"
            ],
            "table": [
                0,
                1,
                1,
                0
            ],
            "out": [
                "in_output_026"
            ]
        },
        "g263": {
            "type": "AND",
            "inp": [
                "c25",
                "in_output_026"
            ],
            "table": [
                0,
                0,
                0,
                1
            ],
            "out": [
                "in_output_326"
            ]
        },
        "g262": {
            "type": "XOR",
            "inp": [
                "c25",
                "in_output_026"
            ],
            "table": [
                0,
                1,
                1,
                0
            ],
            "out": [
                "s26"
            ]
        },
        "g24": {
            "type": "OR",
            "inp": [
                "in_output_12",
                "in_output_32"
            ],
            "table": [
                0,
                1,
                1,
                1
            ],
            "out": [
                "c02"
            ]
        },
        "g22": {
            "type": "XOR",
            "inp": [
                "c01",
                "in_output_02"
            ],
            "table": [
                0,
                1,
                1,
                0
            ],
            "out": [
                "s02"
            ]
        },
        "g23": {
            "type": "AND",
            "inp": [
                "c01",
                "in_output_02"
            ],
            "table": [
                0,
                0,
                0,
                1
            ],
            "out": [
                "in_output_32"
            ]
        },
        "g20": {
            "type": "XOR",
            "inp": [
                "A_02",
                "B_02"
            ],
            "table": [
                0,
                1,
                1,
                0
            ],
            "out": [
                "in_output_02"
            ]
        },
        "g21": {
            "type": "AND",
            "inp": [
                "A_02",
                "B_02"
            ],
            "table": [
                0,
                0,
                0,
                1
            ],
            "out": [
                "in_output_12"
            ]
        },
        "g241": {
            "type": "AND",
            "inp": [
                "A_24",
                "B_24"
            ],
            "table": [
                0,
                0,
                0,
                1
            ],
            "out": [
                "in_output_124"
            ]
        },
        "g100": {
            "type": "XOR",
            "inp": [
                "A_10",
                "B_10"
            ],
            "table": [
                0,
                1,
                1,
                0
            ],
            "out": [
                "in_output_010"
            ]
        },
        "g101": {
            "type": "AND",
            "inp": [
                "A_10",
                "B_10"
            ],
            "table": [
                0,
                0,
                0,
                1
            ],
            "out": [
                "in_output_110"
            ]
        },
        "g102": {
            "type": "XOR",
            "inp": [
                "c09",
                "in_output_010"
            ],
            "table": [
                0,
                1,
                1,
                0
            ],
            "out": [
                "s10"
            ]
        },
        "g103": {
            "type": "AND",
            "inp": [
                "c09",
                "in_output_010"
            ],
            "table": [
                0,
                0,
                0,
                1
            ],
            "out": [
                "in_output_310"
            ]
        },
        "g104": {
            "type": "OR",
            "inp": [
                "in_output_110",
                "in_output_310"
            ],
            "table": [
                0,
                1,
                1,
                1
            ],
            "out": [
                "c10"
            ]
        },
        "g284": {
            "type": "OR",
            "inp": [
                "in_output_128",
                "in_output_328"
            ],
            "table": [
                0,
                1,
                1,
                1
            ],
            "out": [
                "c28"
            ]
        },
        "g293": {
            "type": "AND",
            "inp": [
                "c28",
                "in_output_029"
            ],
            "table": [
                0,
                0,
                0,
                1
            ],
            "out": [
                "in_output_329"
            ]
        },
        "g210": {
            "type": "XOR",
            "inp": [
                "A_21",
                "B_21"
            ],
            "table": [
                0,
                1,
                1,
                0
            ],
            "out": [
                "in_output_021"
            ]
        },
        "g211": {
            "type": "AND",
            "inp": [
                "A_21",
                "B_21"
            ],
            "table": [
                0,
                0,
                0,
                1
            ],
            "out": [
                "in_output_121"
            ]
        },
        "g212": {
            "type": "XOR",
            "inp": [
                "c20",
                "in_output_021"
            ],
            "table": [
                0,
                1,
                1,
                0
            ],
            "out": [
                "s21"
            ]
        },
        "g213": {
            "type": "AND",
            "inp": [
                "c20",
                "in_output_021"
            ],
            "table": [
                0,
                0,
                0,
                1
            ],
            "out": [
                "in_output_321"
            ]
        },
        "g214": {
            "type": "OR",
            "inp": [
                "in_output_121",
                "in_output_321"
            ],
            "table": [
                0,
                1,
                1,
                1
            ],
            "out": [
                "c21"
            ]
        },
        "g180": {
            "type": "XOR",
            "inp": [
                "A_18",
                "B_18"
            ],
            "table": [
                0,
                1,
                1,
                0
            ],
            "out": [
                "in_output_018"
            ]
        },
        "g181": {
            "type": "AND",
            "inp": [
                "A_18",
                "B_18"
            ],
            "table": [
                0,
                0,
                0,
                1
            ],
            "out": [
                "in_output_118"
            ]
        },
        "g182": {
            "type": "XOR",
            "inp": [
                "c17",
                "in_output_018"
            ],
            "table": [
                0,
                1,
                1,
                0
            ],
            "out": [
                "s18"
            ]
        },
        "g183": {
            "type": "AND",
            "inp": [
                "c17",
                "in_output_018"
            ],
            "table": [
                0,
                0,
                0,
                1
            ],
            "out": [
                "in_output_318"
            ]
        },
        "g184": {
            "type": "OR",
            "inp": [
                "in_output_118",
                "in_output_318"
            ],
            "table": [
                0,
                1,
                1,
                1
            ],
            "out": [
                "c18"
            ]
        },
        "g53": {
            "type": "AND",
            "inp": [
                "c04",
                "in_output_05"
            ],
            "table": [
                0,
                0,
                0,
                1
            ],
            "out": [
                "in_output_35"
            ]
        },
        "g52": {
            "type": "XOR",
            "inp": [
                "c04",
                "in_output_05"
            ],
            "table": [
                0,
                1,
                1,
                0
            ],
            "out": [
                "s05"
            ]
        },
        "g51": {
            "type": "AND",
            "inp": [
                "A_05",
                "B_05"
            ],
            "table": [
                0,
                0,
                0,
                1
            ],
            "out": [
                "in_output_15"
            ]
        },
        "g50": {
            "type": "XOR",
            "inp": [
                "A_05",
                "B_05"
            ],
            "table": [
                0,
                1,
                1,
                0
            ],
            "out": [
                "in_output_05"
            ]
        },
        "g54": {
            "type": "OR",
            "inp": [
                "in_output_15",
                "in_output_35"
            ],
            "table": [
                0,
                1,
                1,
                1
            ],
            "out": [
                "c05"
            ]
        },
        "g250": {
            "type": "XOR",
            "inp": [
                "A_25",
                "B_25"
            ],
            "table": [
                0,
                1,
                1,
                0
            ],
            "out": [
                "in_output_025"
            ]
        },
        "g251": {
            "type": "AND",
            "inp": [
                "A_25",
                "B_25"
            ],
            "table": [
                0,
                0,
                0,
                1
            ],
            "out": [
                "in_output_125"
            ]
        },
        "g113": {
            "type": "AND",
            "inp": [
                "c10",
                "in_output_011"
            ],
            "table": [
                0,
                0,
                0,
                1
            ],
            "out": [
                "in_output_311"
            ]
        },
        "g112": {
            "type": "XOR",
            "inp": [
                "c10",
                "in_output_011"
            ],
            "table": [
                0,
                1,
                1,
                0
            ],
            "out": [
                "s11"
            ]
        },
        "g111": {
            "type": "AND",
            "inp": [
                "A_11",
                "B_11"
            ],
            "table": [
                0,
                0,
                0,
                1
            ],
            "out": [
                "in_output_111"
            ]
        },
        "g110": {
            "type": "XOR",
            "inp": [
                "A_11",
                "B_11"
            ],
            "table": [
                0,
                1,
                1,
                0
            ],
            "out": [
                "in_output_011"
            ]
        },
        "g252": {
            "type": "XOR",
            "inp": [
                "c24",
                "in_output_025"
            ],
            "table": [
                0,
                1,
                1,
                0
            ],
            "out": [
                "s25"
            ]
        },
        "g114": {
            "type": "OR",
            "inp": [
                "in_output_111",
                "in_output_311"
            ],
            "table": [
                0,
                1,
                1,
                1
            ],
            "out": [
                "c11"
            ]
        },
        "g253": {
            "type": "AND",
            "inp": [
                "c24",
                "in_output_025"
            ],
            "table": [
                0,
                0,
                0,
                1
            ],
            "out": [
                "in_output_325"
            ]
        },
        "g203": {
            "type": "AND",
            "inp": [
                "c19",
                "in_output_020"
            ],
            "table": [
                0,
                0,
                0,
                1
            ],
            "out": [
                "in_output_320"
            ]
        },
        "g202": {
            "type": "XOR",
            "inp": [
                "c19",
                "in_output_020"
            ],
            "table": [
                0,
                1,
                1,
                0
            ],
            "out": [
                "s20"
            ]
        },
        "g201": {
            "type": "AND",
            "inp": [
                "A_20",
                "B_20"
            ],
            "table": [
                0,
                0,
                0,
                1
            ],
            "out": [
                "in_output_120"
            ]
        },
        "g200": {
            "type": "XOR",
            "inp": [
                "A_20",
                "B_20"
            ],
            "table": [
                0,
                1,
                1,
                0
            ],
            "out": [
                "in_output_020"
            ]
        },
        "g204": {
            "type": "OR",
            "inp": [
                "in_output_120",
                "in_output_320"
            ],
            "table": [
                0,
                1,
                1,
                1
            ],
            "out": [
                "c20"
            ]
        },
        "g290": {
            "type": "XOR",
            "inp": [
                "A_29",
                "B_29"
            ],
            "table": [
                0,
                1,
                1,
                0
            ],
            "out": [
                "in_output_029"
            ]
        },
        "g291": {
            "type": "AND",
            "inp": [
                "A_29",
                "B_29"
            ],
            "table": [
                0,
                0,
                0,
                1
            ],
            "out": [
                "in_output_129"
            ]
        },
        "g193": {
            "type": "AND",
            "inp": [
                "c18",
                "in_output_019"
            ],
            "table": [
                0,
                0,
                0,
                1
            ],
            "out": [
                "in_output_319"
            ]
        },
        "g192": {
            "type": "XOR",
            "inp": [
                "c18",
                "in_output_019"
            ],
            "table": [
                0,
                1,
                1,
                0
            ],
            "out": [
                "s19"
            ]
        },
        "g191": {
            "type": "AND",
            "inp": [
                "A_19",
                "B_19"
            ],
            "table": [
                0,
                0,
                0,
                1
            ],
            "out": [
                "in_output_119"
            ]
        },
        "g190": {
            "type": "XOR",
            "inp": [
                "A_19",
                "B_19"
            ],
            "table": [
                0,
                1,
                1,
                0
            ],
            "out": [
                "in_output_019"
            ]
        },
        "g292": {
            "type": "XOR",
            "inp": [
                "c28",
                "in_output_029"
            ],
            "table": [
                0,
                1,
                1,
                0
            ],
            "out": [
                "s29"
            ]
        },
        "g194": {
            "type": "OR",
            "inp": [
                "in_output_119",
                "in_output_319"
            ],
            "table": [
                0,
                1,
                1,
                1
            ],
            "out": [
                "c19"
            ]
        },
        "g40": {
            "type": "XOR",
            "inp": [
                "A_04",
                "B_04"
            ],
            "table": [
                0,
                1,
                1,
                0
            ],
            "out": [
                "in_output_04"
            ]
        },
        "g41": {
            "type": "AND",
            "inp": [
                "A_04",
                "B_04"
            ],
            "table": [
                0,
                0,
                0,
                1
            ],
            "out": [
                "in_output_14"
            ]
        },
        "g42": {
            "type": "XOR",
            "inp": [
                "c03",
                "in_output_04"
            ],
            "table": [
                0,
                1,
                1,
                0
            ],
            "out": [
                "s04"
            ]
        },
        "g43": {
            "type": "AND",
            "inp": [
                "c03",
                "in_output_04"
            ],
            "table": [
                0,
                0,
                0,
                1
            ],
            "out": [
                "in_output_34"
            ]
        },
        "g44": {
            "type": "OR",
            "inp": [
                "in_output_14",
                "in_output_34"
            ],
            "table": [
                0,
                1,
                1,
                1
            ],
            "out": [
                "c04"
            ]
        },
        "g313": {
            "type": "AND",
            "inp": [
                "c30",
                "in_output_031"
            ],
            "table": [
                0,
                0,
                0,
                1
            ],
            "out": [
                "in_output_331"
            ]
        },
        "g294": {
            "type": "OR",
            "inp": [
                "in_output_129",
                "in_output_329"
            ],
            "table": [
                0,
                1,
                1,
                1
            ],
            "out": [
                "c29"
            ]
        },
        "g312": {
            "type": "XOR",
            "inp": [
                "c30",
                "in_output_031"
            ],
            "table": [
                0,
                1,
                1,
                0
            ],
            "out": [
                "s31"
            ]
        },
        "g234": {
            "type": "OR",
            "inp": [
                "in_output_123",
                "in_output_323"
            ],
            "table": [
                0,
                1,
                1,
                1
            ],
            "out": [
                "c23"
            ]
        },
        "g232": {
            "type": "XOR",
            "inp": [
                "c22",
                "in_output_023"
            ],
            "table": [
                0,
                1,
                1,
                0
            ],
            "out": [
                "s23"
            ]
        },
        "g233": {
            "type": "AND",
            "inp": [
                "c22",
                "in_output_023"
            ],
            "table": [
                0,
                0,
                0,
                1
            ],
            "out": [
                "in_output_323"
            ]
        },
        "g230": {
            "type": "XOR",
            "inp": [
                "A_23",
                "B_23"
            ],
            "table": [
                0,
                1,
                1,
                0
            ],
            "out": [
                "in_output_023"
            ]
        },
        "g231": {
            "type": "AND",
            "inp": [
                "A_23",
                "B_23"
            ],
            "table": [
                0,
                0,
                0,
                1
            ],
            "out": [
                "in_output_123"
            ]
        },
        "g124": {
            "type": "OR",
            "inp": [
                "in_output_112",
                "in_output_312"
            ],
            "table": [
                0,
                1,
                1,
                1
            ],
            "out": [
                "c12"
            ]
        },
        "g122": {
            "type": "XOR",
            "inp": [
                "c11",
                "in_output_012"
            ],
            "table": [
                0,
                1,
                1,
                0
            ],
            "out": [
                "s12"
            ]
        },
        "g123": {
            "type": "AND",
            "inp": [
                "c11",
                "in_output_012"
            ],
            "table": [
                0,
                0,
                0,
                1
            ],
            "out": [
                "in_output_312"
            ]
        },
        "g120": {
            "type": "XOR",
            "inp": [
                "A_12",
                "B_12"
            ],
            "table": [
                0,
                1,
                1,
                0
            ],
            "out": [
                "in_output_012"
            ]
        },
        "g121": {
            "type": "AND",
            "inp": [
                "A_12",
                "B_12"
            ],
            "table": [
                0,
                0,
                0,
                1
            ],
            "out": [
                "in_output_112"
            ]
        },
        "g311": {
            "type": "AND",
            "inp": [
                "A_31",
                "B_31"
            ],
            "table": [
                0,
                0,
                0,
                1
            ],
            "out": [
                "in_output_131"
            ]
        },
        "g283": {
            "type": "AND",
            "inp": [
                "c27",
                "in_output_028"
            ],
            "table": [
                0,
                0,
                0,
                1
            ],
            "out": [
                "in_output_328"
            ]
        },
        "g74": {
            "type": "OR",
            "inp": [
                "in_output_17",
                "in_output_37"
            ],
            "table": [
                0,
                1,
                1,
                1
            ],
            "out": [
                "c07"
            ]
        },
        "g281": {
            "type": "AND",
            "inp": [
                "A_28",
                "B_28"
            ],
            "table": [
                0,
                0,
                0,
                1
            ],
            "out": [
                "in_output_128"
            ]
        },
        "g280": {
            "type": "XOR",
            "inp": [
                "A_28",
                "B_28"
            ],
            "table": [
                0,
                1,
                1,
                0
            ],
            "out": [
                "in_output_028"
            ]
        },
        "g71": {
            "type": "AND",
            "inp": [
                "A_07",
                "B_07"
            ],
            "table": [
                0,
                0,
                0,
                1
            ],
            "out": [
                "in_output_17"
            ]
        },
        "g70": {
            "type": "XOR",
            "inp": [
                "A_07",
                "B_07"
            ],
            "table": [
                0,
                1,
                1,
                0
            ],
            "out": [
                "in_output_07"
            ]
        },
        "g73": {
            "type": "AND",
            "inp": [
                "c06",
                "in_output_07"
            ],
            "table": [
                0,
                0,
                0,
                1
            ],
            "out": [
                "in_output_37"
            ]
        },
        "g72": {
            "type": "XOR",
            "inp": [
                "c06",
                "in_output_07"
            ],
            "table": [
                0,
                1,
                1,
                0
            ],
            "out": [
                "s07"
            ]
        },
        "g310": {
            "type": "XOR",
            "inp": [
                "A_31",
                "B_31"
            ],
            "table": [
                0,
                1,
                1,
                0
            ],
            "out": [
                "in_output_031"
            ]
        },
        "g221": {
            "type": "AND",
            "inp": [
                "A_22",
                "B_22"
            ],
            "table": [
                0,
                0,
                0,
                1
            ],
            "out": [
                "in_output_122"
            ]
        },
        "g220": {
            "type": "XOR",
            "inp": [
                "A_22",
                "B_22"
            ],
            "table": [
                0,
                1,
                1,
                0
            ],
            "out": [
                "in_output_022"
            ]
        },
        "g223": {
            "type": "AND",
            "inp": [
                "c21",
                "in_output_022"
            ],
            "table": [
                0,
                0,
                0,
                1
            ],
            "out": [
                "in_output_322"
            ]
        },
        "g222": {
            "type": "XOR",
            "inp": [
                "c21",
                "in_output_022"
            ],
            "table": [
                0,
                1,
                1,
                0
            ],
            "out": [
                "s22"
            ]
        },
        "g224": {
            "type": "OR",
            "inp": [
                "in_output_122",
                "in_output_322"
            ],
            "table": [
                0,
                1,
                1,
                1
            ],
            "out": [
                "c22"
            ]
        },
        "g131": {
            "type": "AND",
            "inp": [
                "A_13",
                "B_13"
            ],
            "table": [
                0,
                0,
                0,
                1
            ],
            "out": [
                "in_output_113"
            ]
        },
        "g130": {
            "type": "XOR",
            "inp": [
                "A_13",
                "B_13"
            ],
            "table": [
                0,
                1,
                1,
                0
            ],
            "out": [
                "in_output_013"
            ]
        },
        "g133": {
            "type": "AND",
            "inp": [
                "c12",
                "in_output_013"
            ],
            "table": [
                0,
                0,
                0,
                1
            ],
            "out": [
                "in_output_313"
            ]
        },
        "g132": {
            "type": "XOR",
            "inp": [
                "c12",
                "in_output_013"
            ],
            "table": [
                0,
                1,
                1,
                0
            ],
            "out": [
                "s13"
            ]
        },
        "g134": {
            "type": "OR",
            "inp": [
                "in_output_113",
                "in_output_313"
            ],
            "table": [
                0,
                1,
                1,
                1
            ],
            "out": [
                "c13"
            ]
        },
        "g302": {
            "type": "XOR",
            "inp": [
                "c29",
                "in_output_030"
            ],
            "table": [
                0,
                1,
                1,
                0
            ],
            "out": [
                "s30"
            ]
        },
        "g303": {
            "type": "AND",
            "inp": [
                "c29",
                "in_output_030"
            ],
            "table": [
                0,
                0,
                0,
                1
            ],
            "out": [
                "in_output_330"
            ]
        },
        "g300": {
            "type": "XOR",
            "inp": [
                "A_30",
                "B_30"
            ],
            "table": [
                0,
                1,
                1,
                0
            ],
            "out": [
                "in_output_030"
            ]
        },
        "g301": {
            "type": "AND",
            "inp": [
                "A_30",
                "B_30"
            ],
            "table": [
                0,
                0,
                0,
                1
            ],
            "out": [
                "in_output_130"
            ]
        },
        "g304": {
            "type": "OR",
            "inp": [
                "in_output_130",
                "in_output_330"
            ],
            "table": [
                0,
                1,
                1,
                1
            ],
            "out": [
                "c30"
            ]
        },
        "g62": {
            "type": "XOR",
            "inp": [
                "c05",
                "in_output_06"
            ],
            "table": [
                0,
                1,
                1,
                0
            ],
            "out": [
                "s06"
            ]
        },
        "g63": {
            "type": "AND",
            "inp": [
                "c05",
                "in_output_06"
            ],
            "table": [
                0,
                0,
                0,
                1
            ],
            "out": [
                "in_output_36"
            ]
        },
        "g60": {
            "type": "XOR",
            "inp": [
                "A_06",
                "B_06"
            ],
            "table": [
                0,
                1,
                1,
                0
            ],
            "out": [
                "in_output_06"
            ]
        },
        "g61": {
            "type": "AND",
            "inp": [
                "A_06",
                "B_06"
            ],
            "table": [
                0,
                0,
                0,
                1
            ],
            "out": [
                "in_output_16"
            ]
        },
        "g64": {
            "type": "OR",
            "inp": [
                "in_output_16",
                "in_output_36"
            ],
            "table": [
                0,
                1,
                1,
                1
            ],
            "out": [
                "c06"
            ]
        },
        "g254": {
            "type": "OR",
            "inp": [
                "in_output_125",
                "in_output_325"
            ],
            "table": [
                0,
                1,
                1,
                1
            ],
            "out": [
                "c25"
            ]
        },
        "g94": {
            "type": "OR",
            "inp": [
                "in_output_19",
                "in_output_39"
            ],
            "table": [
                0,
                1,
                1,
                1
            ],
            "out": [
                "c09"
            ]
        },
        "g93": {
            "type": "AND",
            "inp": [
                "c08",
                "in_output_09"
            ],
            "table": [
                0,
                0,
                0,
                1
            ],
            "out": [
                "in_output_39"
            ]
        },
        "g92": {
            "type": "XOR",
            "inp": [
                "c08",
                "in_output_09"
            ],
            "table": [
                0,
                1,
                1,
                0
            ],
            "out": [
                "s09"
            ]
        },
        "g91": {
            "type": "AND",
            "inp": [
                "A_09",
                "B_09"
            ],
            "table": [
                0,
                0,
                0,
                1
            ],
            "out": [
                "in_output_19"
            ]
        },
        "g90": {
            "type": "XOR",
            "inp": [
                "A_09",
                "B_09"
            ],
            "table": [
                0,
                1,
                1,
                0
            ],
            "out": [
                "in_output_09"
            ]
        },
        "g144": {
            "type": "OR",
            "inp": [
                "in_output_114",
                "in_output_314"
            ],
            "table": [
                0,
                1,
                1,
                1
            ],
            "out": [
                "c14"
            ]
        },
        "g314": {
            "type": "OR",
            "inp": [
                "in_output_131",
                "in_output_331"
            ],
            "table": [
                0,
                1,
                1,
                1
            ],
            "out": [
                "c31"
            ]
        },
        "g140": {
            "type": "XOR",
            "inp": [
                "A_14",
                "B_14"
            ],
            "table": [
                0,
                1,
                1,
                0
            ],
            "out": [
                "in_output_014"
            ]
        },
        "g141": {
            "type": "AND",
            "inp": [
                "A_14",
                "B_14"
            ],
            "table": [
                0,
                0,
                0,
                1
            ],
            "out": [
                "in_output_114"
            ]
        },
        "g142": {
            "type": "XOR",
            "inp": [
                "c13",
                "in_output_014"
            ],
            "table": [
                0,
                1,
                1,
                0
            ],
            "out": [
                "s14"
            ]
        },
        "g143": {
            "type": "AND",
            "inp": [
                "c13",
                "in_output_014"
            ],
            "table": [
                0,
                0,
                0,
                1
            ],
            "out": [
                "in_output_314"
            ]
        },
        "g14": {
            "type": "OR",
            "inp": [
                "in_output_11",
                "in_output_31"
            ],
            "table": [
                0,
                1,
                1,
                1
            ],
            "out": [
                "c01"
            ]
        },
        "g13": {
            "type": "AND",
            "inp": [
                "c00",
                "in_output_01"
            ],
            "table": [
                0,
                0,
                0,
                1
            ],
            "out": [
                "in_output_31"
            ]
        },
        "g12": {
            "type": "XOR",
            "inp": [
                "c00",
                "in_output_01"
            ],
            "table": [
                0,
                1,
                1,
                0
            ],
            "out": [
                "s01"
            ]
        },
        "g11": {
            "type": "AND",
            "inp": [
                "A_01",
                "B_01"
            ],
            "table": [
                0,
                0,
                0,
                1
            ],
            "out": [
                "in_output_11"
            ]
        },
        "g10": {
            "type": "XOR",
            "inp": [
                "A_01",
                "B_01"
            ],
            "table": [
                0,
                1,
                1,
                0
            ],
            "out": [
                "in_output_01"
            ]
        }
    },
    "inputs": {
        "A_00": 1,
        "B_00": 0,
        "A_01": 1,
        "B_01": 0,
        "A_02": 0,
        "B_02": 1,
        "A_03": 0,
        "B_03": 0,
        "A_04": 0,
        "B_04": 0,
        "A_05": 0,
        "B_05": 0,
        "A_06": 0,
        "B_06": 0,
        "A_07": 0,
        "B_07": 0,
        "A_08": 0,
        "B_08": 0,
        "A_09": 0,
        "B_09": 0,
        "A_10": 0,
        "B_10": 0,
        "A_11": 0,
        "B_11": 0,
        "A_12": 0,
        "B_12": 0,
        "A_13": 0,
        "B_13": 0,
        "A_14": 0,
        "B_14": 0,
        "A_15": 0,
        "B_15": 0,
        "A_16": 0,
        "B_16": 0,
        "A_17": 0,
        "B_17": 0,
        "A_18": 0,
        "B_18": 0,
        "A_19": 0,
        "B_19": 0,
        "A_20": 0,
        "B_20": 0,
        "A_21": 0,
        "B_21": 0,
        "A_22": 0,
        "B_22": 0,
        "A_23": 0,
        "B_23": 0,
        "A_24": 0,
        "B_24": 0,
        "A_25": 0,
        "B_25": 0,
        "A_26": 0,
        "B_26": 0,
        "A_27": 0,
        "B_27": 0,
        "A_28": 0,
        "B_28": 0,
        "A_29": 0,
        "B_29": 0,
        "A_30": 0,
        "B_30": 0,
        "A_31": 0,
        "B_31": 0
    }
}