{
    "gates": {
        "g3": {
            "inp": [
                "w5", 
                "w6"
            ], 
            "type": "AND", 
            "table": [
                0, 
                0, 
                0, 
                1
            ], 
            "out": [
                "w7"
            ]
        }, 
        "g2": {
            "inp": [
                "w3", 
                "w4"
            ], 
            "type": "AND", 
            "table": [
                0, 
                0, 
                0, 
                1
            ], 
            "out": [
                "w6"
            ]
        }, 
        "g1": {
            "inp": [
                "w1", 
                "w2"
            ], 
            "type": "AND", 
            "table": [
                0, 
                0, 
                0, 
                1
            ], 
            "out": [
                "w5"
            ]
        }
    }, 
    "inputs": {
        "w4": 1, 
        "w3": 1, 
        "w2": 0, 
        "w1": 0
    }
}